PRAGMA foreign_keys=OFF;
BEGIN TRANSACTION;
CREATE TABLE "schema_migrations" ("version" varchar(255) NOT NULL);
INSERT INTO "schema_migrations" VALUES('20120322011429');
INSERT INTO "schema_migrations" VALUES('20120322051425');
INSERT INTO "schema_migrations" VALUES('20120322055342');
INSERT INTO "schema_migrations" VALUES('20120322072439');
INSERT INTO "schema_migrations" VALUES('20120322084014');
INSERT INTO "schema_migrations" VALUES('20120322084105');
INSERT INTO "schema_migrations" VALUES('20120322085605');
INSERT INTO "schema_migrations" VALUES('20120322090211');
INSERT INTO "schema_migrations" VALUES('20120322092041');
INSERT INTO "schema_migrations" VALUES('20120322092159');
INSERT INTO "schema_migrations" VALUES('20120326020810');
INSERT INTO "schema_migrations" VALUES('20120326021855');
INSERT INTO "schema_migrations" VALUES('20120326023252');
INSERT INTO "schema_migrations" VALUES('20120326023754');
INSERT INTO "schema_migrations" VALUES('20120326025537');
INSERT INTO "schema_migrations" VALUES('20120326030551');
INSERT INTO "schema_migrations" VALUES('20120328080741');
INSERT INTO "schema_migrations" VALUES('20120401193756');
INSERT INTO "schema_migrations" VALUES('20120401194423');
INSERT INTO "schema_migrations" VALUES('20120407192536');
INSERT INTO "schema_migrations" VALUES('20120407192832');
INSERT INTO "schema_migrations" VALUES('20120407215301');
INSERT INTO "schema_migrations" VALUES('20120408025229');
INSERT INTO "schema_migrations" VALUES('20120408202623');
INSERT INTO "schema_migrations" VALUES('20120408211317');
INSERT INTO "schema_migrations" VALUES('20120408213010');
INSERT INTO "schema_migrations" VALUES('20120409200914');
INSERT INTO "schema_migrations" VALUES('20120412053052');
INSERT INTO "schema_migrations" VALUES('20120412053117');
INSERT INTO "schema_migrations" VALUES('20120412053142');
CREATE TABLE "users" ("id" INTEGER PRIMARY KEY AUTOINCREMENT NOT NULL, "firstname" varchar(255), "lastname" varchar(255), "email" varchar(255), "major" varchar(255), "salt" varchar(255), "password" varchar(255), "created_at" datetime NOT NULL, "updated_at" datetime NOT NULL, "encrypted_password" varchar(255));
INSERT INTO users VALUES(1,'sharon','obi','sabadom@sfu.ca','Computer','24ff639da63c1b294bdf97134b669ded96c7f705a4078ce67d83344ff4f6579f',NULL,'2012-03-24 17:21:01.806222','2012-03-24 17:21:01.806222','b3a64765b0c77f377d27954702aec40435c8c1df405baa270ac4b156fe2ec5f7');
INSERT INTO users VALUES(2,'sharon','obi','sharon@sfu.ca','Computer Science','be2b28da07263b86f25ee47cb7cb0fbbf7bef18568ca0216dfbb74fab208fec9',NULL,'2012-03-25 15:28:36.918579','2012-03-25 15:28:36.918579','4c1f978879d7108f90b721c7133b942cb48f58a1d67707efd5869f441f6ed43b');
INSERT INTO users VALUES(4,'Kenneth','Wong','kkw21@sfu.ca','Computing Science','88492a906ca38cf537f4bc41308fe41667ac73645565124c4d3b7f45b03e75c1',NULL,'2012-03-28 07:44:03.004986','2012-03-28 07:44:03.004986','a5b602f9dbec3a6314f19b70c1010b59029c34ff43e0005fded9ef4227e4db16');
INSERT INTO users VALUES(5,'Vincent','Cheung','vwc10@sfu.ca','CS','23d09351d59145b689405be066c786bb9e92dfc033b0b5d161a0ecf805ef8d34',NULL,'2012-04-01 23:12:53.334140','2012-04-01 23:12:53.334140','564c74a7987504db724e463172f6f16e7ffa1046e36756c6ae196a974c77e8dd');
INSERT INTO users VALUES(6,'sharon','Obi','computer@sfu.ca','Computer Science','204ba04db0f486b33842f4a9c604164b6c2db9bf19120a837dde5d3b7a74038d',NULL,'2012-04-11 06:46:57.724044','2012-04-11 06:46:57.724044','33e16601809a9151ecfda6995340e6b0972884cd31b7dd19dc1ea5f2e08c0726');
CREATE TABLE "departments" ("id" INTEGER PRIMARY KEY AUTOINCREMENT NOT NULL, "title" varchar(255), "created_at" datetime NOT NULL, "updated_at" datetime NOT NULL);
INSERT INTO departments VALUES(1,'Actuarial Mathematics','2012-03-27 23:05:07.097190','2012-03-27 23:05:07.097190');
INSERT INTO departments VALUES(2,'Archaeology','2012-03-27 23:05:21.691944','2012-03-27 23:05:21.691944');
INSERT INTO departments VALUES(3,'Biological Sciences','2012-03-27 23:05:29.099147','2012-03-27 23:05:29.099147');
INSERT INTO departments VALUES(4,'Business Economics','2012-03-27 23:05:36.362606','2012-03-27 23:05:36.362606');
INSERT INTO departments VALUES(5,'Business Administration','2012-03-27 23:05:43.770416','2012-03-27 23:05:43.770416');
INSERT INTO departments VALUES(6,'Chemistry','2012-03-27 23:07:15.894046','2012-03-27 23:07:15.894046');
INSERT INTO departments VALUES(7,'Chinese','2012-03-27 23:08:02.147278','2012-03-27 23:08:02.147278');
INSERT INTO departments VALUES(8,'Communications','2012-03-27 23:08:09.969920','2012-03-27 23:08:09.969920');
INSERT INTO departments VALUES(9,'Computing Science','2012-03-27 23:08:17.874749','2012-03-27 23:08:17.874749');
INSERT INTO departments VALUES(10,'Cognitive Science','2012-03-27 23:08:26.281025','2012-03-27 23:08:26.281025');
INSERT INTO departments VALUES(11,'Criminology','2012-03-27 23:08:31.600536','2012-03-27 23:08:31.600536');
INSERT INTO departments VALUES(12,'Earth Science','2012-03-27 23:08:37.528367','2012-03-27 23:08:37.528367');
INSERT INTO departments VALUES(13,'Economics','2012-03-27 23:08:43.271988','2012-03-27 23:08:43.271988');
INSERT INTO departments VALUES(14,'Education','2012-03-27 23:08:48.799598','2012-03-27 23:08:48.799598');
INSERT INTO departments VALUES(15,'English','2012-03-27 23:08:53.743822','2012-03-27 23:08:53.743822');
INSERT INTO departments VALUES(16,'Engineering Science','2012-03-27 23:08:59.487470','2012-03-27 23:08:59.487470');
INSERT INTO departments VALUES(17,'Environmental Studies','2012-03-27 23:09:07.214981','2012-03-27 23:09:07.214981');
INSERT INTO departments VALUES(18,'Geography','2012-03-27 23:09:14.710183','2012-03-27 23:09:14.710183');
INSERT INTO departments VALUES(19,'German','2012-03-27 23:09:19.861874','2012-03-27 23:09:19.861874');
INSERT INTO departments VALUES(20,'General Studies','2012-03-27 23:10:27.008753','2012-03-27 23:10:27.008753');
INSERT INTO departments VALUES(21,'History','2012-03-27 23:10:33.899532','2012-03-27 23:10:33.899532');
INSERT INTO departments VALUES(22,'Health Science','2012-03-27 23:10:39.073494','2012-03-27 23:10:39.073494');
INSERT INTO departments VALUES(23,'Humanities','2012-03-27 23:11:09.375739','2012-03-27 23:11:09.375739');
INSERT INTO departments VALUES(24,'Interactive Arts & Tech','2012-03-27 23:11:18.815629','2012-03-27 23:11:18.815629');
INSERT INTO departments VALUES(25,'International Studies','2012-03-27 23:11:30.437922','2012-03-27 23:11:30.437922');
INSERT INTO departments VALUES(26,'Kinesiology','2012-03-27 23:11:38.526106','2012-03-27 23:11:38.526106');
INSERT INTO departments VALUES(27,'Linguistics','2012-03-27 23:11:43.989696','2012-03-27 23:11:43.989696');
INSERT INTO departments VALUES(28,'Math & Computing Science','2012-03-27 23:11:53.165541','2012-03-27 23:11:53.165541');
INSERT INTO departments VALUES(29,'Marine Science','2012-03-27 23:12:00.822241','2012-03-27 23:12:00.822241');
INSERT INTO departments VALUES(30,'Math','2012-03-27 23:12:05.636415','2012-03-27 23:12:05.636415');
INSERT INTO departments VALUES(31,'Philosophy','2012-03-27 23:12:10.124219','2012-03-27 23:12:10.124219');
INSERT INTO departments VALUES(32,'Physics','2012-03-27 23:12:14.643184','2012-03-27 23:12:14.643184');
INSERT INTO departments VALUES(33,'Political Science','2012-03-27 23:12:19.939676','2012-03-27 23:12:19.939676');
INSERT INTO departments VALUES(34,'Psychology','2012-03-27 23:12:26.483599','2012-03-27 23:12:26.483599');
INSERT INTO departments VALUES(35,'Science','2012-03-27 23:12:31.171123','2012-03-27 23:12:31.171123');
INSERT INTO departments VALUES(36,'Statistics','2012-03-27 23:12:35.292145','2012-03-27 23:12:35.292145');
CREATE TABLE "courses" ("id" INTEGER PRIMARY KEY AUTOINCREMENT NOT NULL, "title" varchar(255), "department_id" integer, "created_at" datetime NOT NULL, "updated_at" datetime NOT NULL);
INSERT INTO courses VALUES(1,'CMPT 102',9,'2012-03-27 23:52:01.005513','2012-03-27 23:52:01.005513');
INSERT INTO courses VALUES(2,'CMPT 110',9,'2012-03-27 23:52:17.901798','2012-03-27 23:52:17.901798');
INSERT INTO courses VALUES(3,'CMPT 118',9,'2012-03-27 23:52:21.820772','2012-03-27 23:52:21.820772');
INSERT INTO courses VALUES(4,'CMPT 120',9,'2012-03-27 23:52:24.934853','2012-03-27 23:52:24.934853');
INSERT INTO courses VALUES(5,'CMPT 125',9,'2012-03-27 23:52:28.134268','2012-03-27 23:52:28.134268');
INSERT INTO courses VALUES(6,'CMPT 126',9,'2012-03-27 23:52:31.885802','2012-03-27 23:52:31.885802');
INSERT INTO courses VALUES(7,'CMPT 128',9,'2012-03-27 23:52:38.285404','2012-03-27 23:52:38.285404');
INSERT INTO courses VALUES(8,'CMPT 150',9,'2012-03-27 23:52:41.485056','2012-03-27 23:52:41.485056');
INSERT INTO courses VALUES(9,'CMPT 165',9,'2012-03-27 23:52:44.077166','2012-03-27 23:52:44.077166');
INSERT INTO courses VALUES(10,'CMPT 212',9,'2012-03-27 23:52:52.963451','2012-03-27 23:52:52.963451');
INSERT INTO courses VALUES(11,'CMPT 225',9,'2012-03-27 23:52:55.972650','2012-03-27 23:52:55.972650');
INSERT INTO courses VALUES(12,'CMPT 250',9,'2012-03-27 23:52:58.348800','2012-03-27 23:52:58.348800');
INSERT INTO courses VALUES(13,'CMPT 261',9,'2012-03-27 23:53:02.514605','2012-03-27 23:53:02.514605');
INSERT INTO courses VALUES(14,'CMPT 265',9,'2012-03-27 23:53:04.351450','2012-03-27 23:53:04.351450');
INSERT INTO courses VALUES(15,'CMPT 275',9,'2012-03-27 23:53:08.171940','2012-03-27 23:53:08.171940');
INSERT INTO courses VALUES(16,'CMPT 276',9,'2012-03-27 23:53:11.169779','2012-03-27 23:53:11.169779');
INSERT INTO courses VALUES(17,'CMPT 300 - Operating Systems',9,'2012-03-27 23:53:14.019716','2012-04-02 08:15:51.514505');
INSERT INTO courses VALUES(18,'CMPT 307',9,'2012-03-27 23:53:17.195601','2012-03-27 23:53:17.195601');
INSERT INTO courses VALUES(19,'CMPT 308',9,'2012-03-27 23:53:19.859112','2012-03-27 23:53:19.859112');
INSERT INTO courses VALUES(20,'CMPT 310',9,'2012-03-27 23:53:22.025433','2012-03-27 23:53:22.025433');
INSERT INTO courses VALUES(21,'CMPT 320',9,'2012-03-27 23:55:53.873821','2012-03-27 23:55:53.873821');
INSERT INTO courses VALUES(22,'CMPT 322',9,'2012-03-27 23:55:56.178869','2012-03-27 23:55:56.178869');
INSERT INTO courses VALUES(23,'CMPT 340',9,'2012-03-27 23:56:05.801501','2012-03-27 23:56:05.801501');
INSERT INTO courses VALUES(24,'CMPT 354',9,'2012-03-27 23:56:09.425988','2012-03-27 23:56:09.425988');
INSERT INTO courses VALUES(25,'CMPT 361',9,'2012-03-27 23:56:20.319199','2012-03-27 23:56:20.319199');
INSERT INTO courses VALUES(26,'CMPT 363',9,'2012-03-27 23:56:22.466040','2012-03-27 23:56:22.466040');
INSERT INTO courses VALUES(27,'CMPT 365',9,'2012-03-27 23:56:26.192739','2012-03-27 23:56:26.192739');
INSERT INTO courses VALUES(28,'CMPT 370',9,'2012-03-27 23:56:29.144559','2012-03-27 23:56:29.144559');
INSERT INTO courses VALUES(29,'CMPT 371',9,'2012-03-27 23:56:31.840356','2012-03-27 23:56:31.840356');
INSERT INTO courses VALUES(30,'CMPT 373',9,'2012-03-27 23:56:35.080654','2012-03-27 23:56:35.080654');
INSERT INTO courses VALUES(31,'CMPT 376',9,'2012-03-27 23:56:38.633090','2012-03-27 23:56:38.633090');
INSERT INTO courses VALUES(32,'CMPT 379',9,'2012-03-27 23:56:41.255919','2012-03-27 23:56:41.255919');
INSERT INTO courses VALUES(33,'CMPT 383',9,'2012-03-27 23:56:45.079519','2012-03-27 23:56:45.079519');
INSERT INTO courses VALUES(34,'CMPT 384',9,'2012-03-27 23:56:48.544643','2012-03-27 23:56:48.544643');
INSERT INTO courses VALUES(35,'CMPT 404',9,'2012-03-27 23:56:51.015318','2012-03-27 23:56:51.015318');
INSERT INTO courses VALUES(36,'CMPT 405',9,'2012-03-27 23:56:53.664069','2012-03-27 23:56:53.664069');
INSERT INTO courses VALUES(37,'CMPT 406',9,'2012-03-27 23:56:56.407237','2012-03-27 23:56:56.407237');
INSERT INTO courses VALUES(38,'CMPT 407',9,'2012-03-27 23:56:58.168672','2012-03-27 23:56:58.168672');
INSERT INTO courses VALUES(39,'CMPT 408',9,'2012-03-27 23:57:01.158542','2012-03-27 23:57:01.158542');
INSERT INTO courses VALUES(40,'CMPT 409',9,'2012-03-27 23:57:03.278820','2012-03-27 23:57:03.278820');
INSERT INTO courses VALUES(41,'CMPT 411',9,'2012-03-27 23:57:07.542480','2012-03-27 23:57:07.542480');
INSERT INTO courses VALUES(42,'CMPT 412',9,'2012-03-27 23:57:21.418944','2012-03-27 23:57:21.418944');
INSERT INTO courses VALUES(43,'CMPT 413',9,'2012-03-27 23:57:24.342852','2012-03-27 23:57:24.342852');
INSERT INTO courses VALUES(44,'CMPT 414',9,'2012-03-27 23:57:26.365903','2012-03-27 23:57:26.365903');
INSERT INTO courses VALUES(45,'CMPT 417',9,'2012-03-27 23:57:28.773435','2012-03-27 23:57:28.773435');
INSERT INTO courses VALUES(46,'CMPT 418',9,'2012-03-27 23:57:30.635212','2012-03-27 23:57:30.635212');
INSERT INTO courses VALUES(47,'CMPT 419',9,'2012-03-27 23:57:33.196774','2012-03-27 23:57:33.196774');
INSERT INTO courses VALUES(48,'CMPT 431',9,'2012-03-27 23:57:35.892593','2012-03-27 23:57:35.892593');
INSERT INTO courses VALUES(49,'CMPT 432',9,'2012-03-27 23:57:38.788002','2012-03-27 23:57:38.788002');
INSERT INTO courses VALUES(50,'CMPT 433',9,'2012-03-27 23:57:40.396667','2012-03-27 23:57:40.396667');
INSERT INTO courses VALUES(51,'CMPT 441',9,'2012-03-27 23:57:43.956181','2012-03-27 23:57:43.956181');
INSERT INTO courses VALUES(52,'CMPT 454',9,'2012-03-27 23:57:47.099047','2012-03-27 23:57:47.099047');
INSERT INTO courses VALUES(53,'CMPT 461',9,'2012-03-27 23:57:51.123920','2012-03-27 23:57:51.123920');
INSERT INTO courses VALUES(54,'CMPT 464',9,'2012-03-27 23:57:53.979469','2012-03-27 23:57:53.979469');
INSERT INTO courses VALUES(55,'CMPT 467',9,'2012-03-27 23:57:56.019459','2012-03-27 23:57:56.019459');
INSERT INTO courses VALUES(56,'CMPT 468',9,'2012-03-27 23:57:59.441418','2012-03-27 23:57:59.441418');
INSERT INTO courses VALUES(57,'CMPT 469',9,'2012-03-27 23:58:01.099769','2012-03-27 23:58:01.099769');
INSERT INTO courses VALUES(58,'CMPT 470',9,'2012-03-27 23:58:04.819695','2012-03-27 23:58:04.819695');
INSERT INTO courses VALUES(59,'CMPT 471',9,'2012-03-27 23:58:07.456101','2012-03-27 23:58:07.456101');
INSERT INTO courses VALUES(60,'CMPT 473',9,'2012-03-27 23:58:09.022757','2012-03-27 23:58:09.022757');
INSERT INTO courses VALUES(61,'CMPT 474',9,'2012-03-27 23:58:11.395266','2012-03-27 23:58:11.395266');
INSERT INTO courses VALUES(62,'CMPT 475',9,'2012-03-27 23:58:13.481879','2012-03-27 23:58:13.481879');
INSERT INTO courses VALUES(63,'CMPT 477',9,'2012-03-27 23:58:16.563058','2012-03-27 23:58:16.563058');
INSERT INTO courses VALUES(64,'CMPT 479',9,'2012-03-27 23:58:18.650191','2012-03-27 23:58:18.650191');
INSERT INTO courses VALUES(65,'CMPT 481',9,'2012-03-27 23:58:20.801998','2012-03-27 23:58:20.801998');
INSERT INTO courses VALUES(66,'CMPT 489',9,'2012-03-27 23:58:23.394202','2012-03-27 23:58:23.394202');
CREATE TABLE "contents" ("id" INTEGER PRIMARY KEY AUTOINCREMENT NOT NULL, "title" varchar(255), "course_id" integer, "content_box" text, "created_at" datetime NOT NULL, "updated_at" datetime NOT NULL);
INSERT INTO contents VALUES(1,'Deadlock',17,NULL,'2012-03-28 00:08:05.643430','2012-03-28 00:08:05.643430');
INSERT INTO contents VALUES(2,'Virtual Pages',17,NULL,'2012-03-28 00:08:24.782461','2012-03-28 00:08:24.782461');
INSERT INTO contents VALUES(3,'Mutexes',17,NULL,'2012-04-06 02:06:38.651252','2012-04-06 02:06:38.651252');
CREATE TABLE "questions" ("id" INTEGER PRIMARY KEY AUTOINCREMENT NOT NULL, "course_id" integer, "user_id" integer, "title" text, "description" text, "views" integer, "created_at" datetime NOT NULL, "updated_at" datetime NOT NULL);
INSERT INTO questions VALUES(2,17,4,'What is a dead lock?','I don''t understand this any help?',NULL,'2012-03-28 23:53:53.896603','2012-03-28 23:53:53.896603');
INSERT INTO questions VALUES(3,17,1,'What is a Operating System?','I don''t understand this any help?',NULL,'2012-03-28 23:57:12.144282','2012-03-28 23:57:12.144282');
INSERT INTO questions VALUES(4,16,4,'some title','some description',NULL,'2012-04-04 03:23:09.323329','2012-04-04 03:23:09.323329');
INSERT INTO questions VALUES(5,17,4,'Mutexes to solve dining philospher?','Hey, how do I solve the dining philosphers problem using **mutexes**?',NULL,'2012-04-11 00:51:08.624363','2012-04-11 00:51:08.624363');
INSERT INTO questions VALUES(6,17,5,'asdfasfaf','asdfasf',NULL,'2012-04-12 03:45:55.596427','2012-04-12 03:45:55.596427');
INSERT INTO questions VALUES(7,17,5,'safdasf','asdfsafsaf',NULL,'2012-04-12 03:45:59.106628','2012-04-12 03:45:59.106628');
INSERT INTO questions VALUES(8,17,5,'sadfsafa','asdfsafa',NULL,'2012-04-12 03:46:02.953848','2012-04-12 03:46:02.953848');
INSERT INTO questions VALUES(9,17,5,'asdfasfs','sadfasf',NULL,'2012-04-12 03:46:07.391102','2012-04-12 03:46:07.391102');
INSERT INTO questions VALUES(10,17,5,'asdfafsfa','asdfafasdf',NULL,'2012-04-12 03:46:10.884302','2012-04-12 03:46:10.884302');
INSERT INTO questions VALUES(11,17,5,'asdfasf','asdfasfafsa',NULL,'2012-04-12 03:46:14.128487','2012-04-12 03:46:14.128487');
INSERT INTO questions VALUES(12,17,5,'asdfasfsfaa','asdfasfasf',NULL,'2012-04-12 03:46:18.430733','2012-04-12 03:46:18.430733');
INSERT INTO questions VALUES(13,17,5,'asdfafsafsa','asdfafafsaffa',NULL,'2012-04-12 03:46:26.908218','2012-04-12 03:46:26.908218');
CREATE TABLE "votes" ("id" INTEGER PRIMARY KEY AUTOINCREMENT NOT NULL, "user_id" integer, "answer_id" integer, "vote_type" boolean, "created_at" datetime NOT NULL, "updated_at" datetime NOT NULL);
INSERT INTO votes VALUES(1,5,1,'t','2012-04-01 23:15:08.380864','2012-04-01 23:15:08.380864');
INSERT INTO votes VALUES(2,2,1,'t','2012-04-01 23:15:24.354777','2012-04-01 23:15:24.354777');
INSERT INTO votes VALUES(3,4,1,'f','2012-04-02 02:44:31.631441','2012-04-02 02:44:31.631441');
CREATE TABLE "answers" ("id" INTEGER PRIMARY KEY AUTOINCREMENT NOT NULL, "user_id" integer, "response" varchar(255), "question_id" integer, "created_at" datetime NOT NULL, "updated_at" datetime NOT NULL);
INSERT INTO answers VALUES(1,5,'A deadlock is a lock that is dead',2,'2012-04-01 23:13:54.513639','2012-04-01 23:13:54.513639');
INSERT INTO answers VALUES(2,4,'A deadlock is when you grab someone by the head and lock them between your arms.... OOPs thats a headlock.',2,'2012-04-02 09:56:42.617608','2012-04-02 10:05:01.063118');
CREATE TABLE definitions (id INTEGER PRIMARY KEY, content_id integer, description text, user_id integer, created_at datetime, updated_at datetime, rating_up INTEGER DEFAULT 0 NOT NULL, rating_down INTEGER DEFAULT 0 NOT NULL, "topic_id" integer);
INSERT INTO definitions VALUES(1,1,'This is a deadlock definition.',3,'2012-03-28 00:11:35.088241','2012-03-28 00:11:35.088241',0,0,NULL);
INSERT INTO definitions VALUES(2,1,'This is another deadlock definition.',1,'2012-03-28 00:12:23.033576','2012-03-28 00:12:23.033576',0,0,NULL);
INSERT INTO definitions VALUES(3,NULL,'A form of Security
I just know that it is Gibberish',2,'2012-04-09 09:47:25.015961','2012-04-11 06:20:41.453387',0,0,1);
INSERT INTO definitions VALUES(4,NULL,'A form of Security',2,'2012-04-09 09:47:25.055555','2012-04-09 09:47:25.055555',0,0,1);
INSERT INTO definitions VALUES(5,NULL,'A form of Security',2,'2012-04-09 09:48:04.333613','2012-04-09 09:48:04.333613',0,0,1);
INSERT INTO definitions VALUES(6,NULL,'A form of Security',NULL,'2012-04-09 09:50:08.215832','2012-04-09 09:50:08.215832',0,0,1);
INSERT INTO definitions VALUES(7,NULL,'A form of Security',NULL,'2012-04-09 09:50:23.039967','2012-04-09 09:50:23.039967',0,0,1);
INSERT INTO definitions VALUES(8,NULL,'A form of Security',NULL,'2012-04-09 09:50:23.049843','2012-04-09 09:50:23.049843',0,0,1);
INSERT INTO definitions VALUES(9,NULL,'Field of science',2,'2012-04-09 12:41:03.401603','2012-04-09 12:41:03.401603',0,0,1);
INSERT INTO definitions VALUES(10,NULL,'Field of science',2,'2012-04-09 12:42:36.718777','2012-04-09 12:42:36.718777',0,0,1);
INSERT INTO definitions VALUES(11,NULL,'sc',2,'2012-04-09 12:43:16.250969','2012-04-09 12:43:16.250969',0,0,1);
INSERT INTO definitions VALUES(12,NULL,'sc',2,'2012-04-09 12:45:12.649362','2012-04-09 12:45:12.649362',0,0,1);
INSERT INTO definitions VALUES(13,NULL,'sc',2,'2012-04-09 12:46:48.880126','2012-04-09 12:46:48.880126',0,0,1);
INSERT INTO definitions VALUES(14,NULL,'k',2,'2012-04-09 12:48:35.858840','2012-04-09 12:48:35.858840',0,0,1);
INSERT INTO definitions VALUES(15,NULL,'k',2,'2012-04-09 12:49:45.616240','2012-04-09 12:49:45.616240',0,0,1);
INSERT INTO definitions VALUES(16,NULL,'A brand new one',2,'2012-04-09 12:49:59.262676','2012-04-09 12:49:59.262676',0,0,1);
INSERT INTO definitions VALUES(17,NULL,'A brand new one',2,'2012-04-09 12:52:04.808771','2012-04-09 12:52:04.808771',0,0,1);
INSERT INTO definitions VALUES(18,NULL,'A brand new one',2,'2012-04-09 12:52:21.894199','2012-04-09 12:52:21.894199',0,0,1);
INSERT INTO definitions VALUES(19,NULL,'A brand new one',2,'2012-04-09 12:53:30.809795','2012-04-09 12:53:30.809795',0,0,1);
INSERT INTO definitions VALUES(20,NULL,'This',2,'2012-04-09 13:08:32.261942','2012-04-09 13:08:32.261942',0,0,1);
INSERT INTO definitions VALUES(21,NULL,'Mutexes suck',2,'2012-04-09 13:09:01.299500','2012-04-09 13:09:01.299500',0,0,1);
INSERT INTO definitions VALUES(22,NULL,'kddkfj',2,'2012-04-09 13:10:20.581309','2012-04-09 13:10:20.581309',0,0,1);
INSERT INTO definitions VALUES(23,NULL,'kf',2,'2012-04-09 23:09:58.954851','2012-04-09 23:09:58.954851',0,0,1);
INSERT INTO definitions VALUES(24,NULL,'Stores information',2,'2012-04-10 03:36:36.569971','2012-04-10 03:36:36.569971',0,0,2);
INSERT INTO definitions VALUES(25,NULL,'It  is expensive to prevent',2,'2012-04-10 06:04:03.366584','2012-04-11 06:02:55.692561',0,0,3);
INSERT INTO definitions VALUES(26,NULL,'Mutexes are fun',2,'2012-04-10 19:21:49.977249','2012-04-10 19:21:49.977249',0,0,1);
INSERT INTO definitions VALUES(27,NULL,'asdfsaf',5,'2012-04-12 03:40:45.301679','2012-04-12 03:40:45.301679',0,0,1);
CREATE TABLE analogies (id INTEGER PRIMARY KEY, user_id integer, description text, content_id integer, created_at datetime, updated_at datetime, rating_up INTEGER DEFAULT 0 NOT NULL, rating_down INTEGER DEFAULT 0 NOT NULL, "topic_id" integer);
INSERT INTO analogies VALUES(1,2,'No one has fully explained this! I am seriously looking for a reasonable answer. Who is going to be the genius
No one has fully explained this! I am seriously looking for a reasonable answer. Who is going to be the genius
No one has fully explained this! I am seriously looking for a reasonable answer. Who is going to be the genius',NULL,'2012-04-09 11:23:39.221732','2012-04-11 06:30:29.841991',0,0,1);
INSERT INTO analogies VALUES(2,2,'No one has fully explained this!',NULL,'2012-04-09 11:24:30.314631','2012-04-09 11:24:30.314631',0,0,1);
INSERT INTO analogies VALUES(3,2,'This is a way',NULL,'2012-04-09 12:55:42.942199','2012-04-09 12:55:42.942199',0,0,1);
CREATE TABLE videos (id INTEGER PRIMARY KEY, title varchar(255), content_id integer, description text, user_id integer, created_at datetime, updated_at datetime, rating_up INTEGER DEFAULT 0 NOT NULL, rating_down INTEGER DEFAULT 0 NOT NULL, "topic_id" integer);
INSERT INTO videos VALUES(1,'Deadlock Animation for the modern OS',NULL,'www.sfu.ca',2,'2012-04-10 07:42:34.330957','2012-04-11 06:19:50.847397',0,0,3);
CREATE TABLE "photos" ("id" INTEGER PRIMARY KEY AUTOINCREMENT NOT NULL, "description" varchar(255), "content_type" varchar(255), "filename" varchar(255), "binary_data" blob, "created_at" datetime NOT NULL, "updated_at" datetime NOT NULL, "topic_id" integer, "user_id" integer);
CREATE TABLE "topics" ("id" INTEGER PRIMARY KEY AUTOINCREMENT NOT NULL, "title" varchar(255), "analogy_id" integer, "photo_id" integer, "definition_id" integer, "video_id" integer, "course_id" integer, "created_at" datetime NOT NULL, "updated_at" datetime NOT NULL);
INSERT INTO topics VALUES(1,'Mutexes',NULL,NULL,NULL,NULL,17,'2012-04-08 22:58:16.705314','2012-04-08 22:58:16.705314');
INSERT INTO topics VALUES(2,'Files',NULL,NULL,NULL,NULL,17,'2012-04-08 23:19:27.385522','2012-04-08 23:19:27.385522');
INSERT INTO topics VALUES(3,'Deadlock',NULL,NULL,NULL,NULL,17,'2012-04-09 01:54:29.226715','2012-04-09 01:54:29.226715');
INSERT INTO topics VALUES(4,'Threads',NULL,NULL,NULL,NULL,17,'2012-04-09 07:38:29.903460','2012-04-09 07:38:29.903460');
INSERT INTO topics VALUES(5,'Processes',NULL,NULL,NULL,NULL,17,'2012-04-09 09:46:41.607171','2012-04-09 09:46:41.607171');
CREATE TABLE "analogy_votes" ("id" INTEGER PRIMARY KEY AUTOINCREMENT NOT NULL, "analogy_id" integer, "user_id" integer, "vote_type" boolean, "created_at" datetime NOT NULL, "updated_at" datetime NOT NULL);
INSERT INTO "analogy_votes" VALUES(1,1,5,'t','2012-04-12 06:17:17.275870','2012-04-12 06:17:17.275870');
CREATE TABLE "definition_votes" ("id" INTEGER PRIMARY KEY AUTOINCREMENT NOT NULL, "definition_id" integer, "user_id" integer, "vote_type" boolean, "created_at" datetime NOT NULL, "updated_at" datetime NOT NULL);
INSERT INTO "definition_votes" VALUES(1,3,5,'t','2012-04-12 06:13:33.189053','2012-04-12 06:13:33.189053');
INSERT INTO "definition_votes" VALUES(2,25,5,'t','2012-04-12 06:38:09.452490','2012-04-12 06:38:09.452490');
CREATE TABLE "video_votes" ("id" INTEGER PRIMARY KEY AUTOINCREMENT NOT NULL, "video_id" integer, "user_id" integer, "vote_type" boolean, "created_at" datetime NOT NULL, "updated_at" datetime NOT NULL);
INSERT INTO "video_votes" VALUES(1,1,5,'t','2012-04-12 06:38:17.138930','2012-04-12 06:38:17.138930');
DELETE FROM sqlite_sequence;
INSERT INTO "sqlite_sequence" VALUES('users',6);
INSERT INTO "sqlite_sequence" VALUES('departments',36);
INSERT INTO "sqlite_sequence" VALUES('courses',66);
INSERT INTO "sqlite_sequence" VALUES('contents',3);
INSERT INTO "sqlite_sequence" VALUES('questions',13);
INSERT INTO "sqlite_sequence" VALUES('answers',2);
INSERT INTO "sqlite_sequence" VALUES('votes',3);
INSERT INTO "sqlite_sequence" VALUES('topics',5);
INSERT INTO "sqlite_sequence" VALUES('definition_votes',2);
INSERT INTO "sqlite_sequence" VALUES('analogy_votes',1);
INSERT INTO "sqlite_sequence" VALUES('video_votes',1);
CREATE UNIQUE INDEX "unique_schema_migrations" ON "schema_migrations" ("version");
CREATE INDEX "index_courses_on_department_id" ON "courses" ("department_id");
CREATE INDEX "index_contents_on_course_id" ON "contents" ("course_id");
CREATE UNIQUE INDEX "index_votes_on_user_id_and_answer_id" ON "votes" ("user_id", "answer_id");
CREATE INDEX "index_topics_on_analogy_id" ON "topics" ("analogy_id");
CREATE INDEX "index_topics_on_photo_id" ON "topics" ("photo_id");
CREATE INDEX "index_topics_on_definition_id" ON "topics" ("definition_id");
CREATE INDEX "index_topics_on_video_id" ON "topics" ("video_id");
CREATE INDEX "index_topics_on_course_id" ON "topics" ("course_id");
CREATE INDEX "index_videos_on_topic_id" ON "videos" ("topic_id");
CREATE INDEX "index_analogies_on_topic_id" ON "analogies" ("topic_id");
CREATE INDEX "index_photos_on_topic_id" ON "photos" ("topic_id");
CREATE INDEX "index_definitions_on_topic_id" ON "definitions" ("topic_id");
CREATE INDEX "index_photos_on_user_id" ON "photos" ("user_id");
COMMIT;
